{
    "DDPM_Baseline": {
        "duration_sec": 245.0875837802887,
        "throughput": 0.40801740527845765,
        "avg_steps": 1000.0,
        "fid": 490.28426240046537,
        "is_mean": 1.1827638149261475,
        "is_std": 0.034314826130867004,
        "flops_per_sample": 0.0,
        "config": {}
    },
    "DDIM_50": {
        "duration_sec": 13.618931293487549,
        "throughput": 7.342720059673045,
        "avg_steps": 50.0,
        "fid": 429.31596709551184,
        "is_mean": 1.1544471979141235,
        "is_std": 0.03051743656396866,
        "flops_per_sample": 0.0,
        "config": {
            "num_inference_steps": 50,
            "eta": 0.0
        }
    },
    "StepDrop_Linear_0.3": {
        "duration_sec": 216.21702218055725,
        "throughput": 0.4624982759983281,
        "avg_steps": 59.49,
        "fid": 487.09535857875727,
        "is_mean": 1.1705601215362549,
        "is_std": 0.03068831004202366,
        "flops_per_sample": 0.0,
        "config": {
            "skip_strategy": "linear",
            "base_skip_prob": 0.3
        }
    },
    "StepDrop_Adaptive_0.2": {
        "duration_sec": 210.5621201992035,
        "throughput": 0.4749192300371711,
        "avg_steps": 63.06,
        "fid": 499.39221547545486,
        "is_mean": 1.1660068035125732,
        "is_std": 0.030620954930782318,
        "flops_per_sample": 0.0,
        "config": {
            "skip_strategy": "adaptive",
            "base_skip_prob": 0.2
        }
    }
}