{
  "timestamp": "2025-12-07T21:58:59.226706",
  "device": "cuda",
  "num_timesteps": 1000,
  "image_shape": [
    3,
    32,
    32
  ],
  "full_metrics": true,
  "strategies": {
    "DDPM_1000": {
      "name": "DDPM_1000",
      "fid": 71.74582200715258,
      "kid": 0.013605880551040173,
      "is_mean": 4.2845072746276855,
      "is_std": 0.30675825476646423,
      "precision": 0.0,
      "recall": 0.013000000268220901,
      "density": 0.9753999710083008,
      "coverage": 0.7440000176429749,
      "lpips": 0.2186911255121231,
      "ssim": 0.07735069841146469,
      "psnr": 9.1087646484375,
      "ms_ssim": -1.0,
      "vendi_score": 13.501616477966309,
      "intra_lpips": 0.21299103590101004,
      "throughput": 8.319660774769044,
      "duration": 120.19720840454102,
      "nfe": 1000,
      "flops": 1183465472.0,
      "memory_gb": 0.11749982833862305,
      "num_samples": 1000,
      "error": null
    },
    "DDIM_100": {
      "name": "DDIM_100",
      "fid": 74.50146390380763,
      "kid": 0.012965192086994648,
      "is_mean": 4.519654750823975,
      "is_std": 0.3952125906944275,
      "precision": 0.0010000000474974513,
      "recall": 0.004999999888241291,
      "density": 0.9244000315666199,
      "coverage": 0.7260000109672546,
      "lpips": 0.2209824025630951,
      "ssim": 0.07799538224935532,
      "psnr": 9.000268936157227,
      "ms_ssim": -1.0,
      "vendi_score": 13.712352752685547,
      "intra_lpips": 0.22688707271963357,
      "throughput": 32.241756845759106,
      "duration": 31.015679597854614,
      "nfe": 100,
      "flops": 1183465472.0,
      "memory_gb": 0.1176309585571289,
      "num_samples": 1000,
      "error": null
    },
    "DDIM_50": {
      "name": "DDIM_50",
      "fid": 78.28088583470264,
      "kid": 0.014604675583541393,
      "is_mean": 4.399420261383057,
      "is_std": 0.30578434467315674,
      "precision": 0.0,
      "recall": 0.00800000037997961,
      "density": 0.8729999661445618,
      "coverage": 0.7110000252723694,
      "lpips": 0.21743737161159515,
      "ssim": 0.07741064578294754,
      "psnr": 9.441803932189941,
      "ms_ssim": -1.0,
      "vendi_score": 12.96732234954834,
      "intra_lpips": 0.21453988647460936,
      "throughput": 64.88393470482316,
      "duration": 15.412135601043701,
      "nfe": 50,
      "flops": 1183465472.0,
      "memory_gb": 0.1177973747253418,
      "num_samples": 1000,
      "error": null
    },
    "DDIM_25": {
      "name": "DDIM_25",
      "fid": 79.191273211301,
      "kid": 0.01806536875665188,
      "is_mean": 4.1210222244262695,
      "is_std": 0.18735460937023163,
      "precision": 0.0,
      "recall": 0.0010000000474974513,
      "density": 0.7906000018119812,
      "coverage": 0.7229999899864197,
      "lpips": 0.20782721042633057,
      "ssim": 0.08970779925584793,
      "psnr": 10.113138198852539,
      "ms_ssim": -1.0,
      "vendi_score": 12.577037811279297,
      "intra_lpips": 0.20948703595250845,
      "throughput": 128.63296620902943,
      "duration": 7.774056911468506,
      "nfe": 25,
      "flops": 1183465472.0,
      "memory_gb": 0.11797428131103516,
      "num_samples": 1000,
      "error": null
    },
    "DDIM_10": {
      "name": "DDIM_10",
      "fid": 81.60744437146468,
      "kid": 0.02407769300043583,
      "is_mean": 4.105811595916748,
      "is_std": 0.27594128251075745,
      "precision": 0.0,
      "recall": 0.0,
      "density": 0.6980000138282776,
      "coverage": 0.6079999804496765,
      "lpips": 0.214240163564682,
      "ssim": 0.09227113425731659,
      "psnr": 10.788641929626465,
      "ms_ssim": -1.0,
      "vendi_score": 12.012380599975586,
      "intra_lpips": 0.195389982201159,
      "throughput": 290.6507131271258,
      "duration": 3.4405558109283447,
      "nfe": 10,
      "flops": 1183465472.0,
      "memory_gb": 0.1180109977722168,
      "num_samples": 1000,
      "error": null
    },
    "StepDrop_Linear_0.3": {
      "name": "StepDrop_Linear_0.3",
      "fid": 159.22287210525678,
      "kid": 0.14425276219844818,
      "is_mean": 2.6361756324768066,
      "is_std": 0.15532876551151276,
      "precision": 0.0,
      "recall": 0.0,
      "density": 0.7883999943733215,
      "coverage": 0.4009999930858612,
      "lpips": 0.22581498324871063,
      "ssim": 0.04112599045038223,
      "psnr": 9.773180961608887,
      "ms_ssim": -1.0,
      "vendi_score": 9.529562950134277,
      "intra_lpips": 0.15062156202644109,
      "throughput": 4.019832195996553,
      "duration": 248.76660299301147,
      "nfe": 700,
      "flops": 1183465472.0,
      "memory_gb": 0.11786746978759766,
      "num_samples": 1000,
      "error": null
    },
    "StepDrop_Linear_0.5": {
      "name": "StepDrop_Linear_0.5",
      "fid": 271.74798397983216,
      "kid": 0.30660703778266907,
      "is_mean": 1.6765518188476562,
      "is_std": 0.055380307137966156,
      "precision": 0.0,
      "recall": 0.0,
      "density": 0.5633999705314636,
      "coverage": 0.14000000059604645,
      "lpips": 0.2571544349193573,
      "ssim": 0.02371029742062092,
      "psnr": 9.690216064453125,
      "ms_ssim": -1.0,
      "vendi_score": 5.57902193069458,
      "intra_lpips": 0.11261636358872056,
      "throughput": 4.612928761217711,
      "duration": 216.7820167541504,
      "nfe": 500,
      "flops": 1183465472.0,
      "memory_gb": 0.1177363395690918,
      "num_samples": 1000,
      "error": null
    },
    "StepDrop_CosineSq_0.3": {
      "name": "StepDrop_CosineSq_0.3",
      "fid": 113.11506972907148,
      "kid": 0.07189823687076569,
      "is_mean": 3.351527452468872,
      "is_std": 0.26170822978019714,
      "precision": 0.0,
      "recall": 0.0,
      "density": 0.9422000050544739,
      "coverage": 0.5450000166893005,
      "lpips": 0.21474683284759521,
      "ssim": 0.05036648362874985,
      "psnr": 9.511569023132324,
      "ms_ssim": -1.0,
      "vendi_score": 10.84282112121582,
      "intra_lpips": 0.1607332066297531,
      "throughput": 3.290984175219253,
      "duration": 303.860470533371,
      "nfe": 700,
      "flops": 1183465472.0,
      "memory_gb": 0.11792850494384766,
      "num_samples": 1000,
      "error": null
    },
    "StepDrop_CosineSq_0.5": {
      "name": "StepDrop_CosineSq_0.5",
      "fid": 209.5592074423604,
      "kid": 0.20838671922683716,
      "is_mean": 2.2105672359466553,
      "is_std": 0.2189023643732071,
      "precision": 0.0,
      "recall": 0.0,
      "density": 0.6679999828338623,
      "coverage": 0.24799999594688416,
      "lpips": 0.2375205159187317,
      "ssim": 0.02933269552886486,
      "psnr": 9.577234268188477,
      "ms_ssim": -1.0,
      "vendi_score": 7.411239147186279,
      "intra_lpips": 0.12293443500995636,
      "throughput": 3.9506623021938485,
      "duration": 253.12211561203003,
      "nfe": 500,
      "flops": 1183465472.0,
      "memory_gb": 0.1177363395690918,
      "num_samples": 1000,
      "error": null
    },
    "StepDrop_Quadratic_0.3": {
      "name": "StepDrop_Quadratic_0.3",
      "fid": 128.93913870321376,
      "kid": 0.09475848823785782,
      "is_mean": 3.041496992111206,
      "is_std": 0.21383386850357056,
      "precision": 0.0010000000474974513,
      "recall": 0.0,
      "density": 0.8767999410629272,
      "coverage": 0.46299999952316284,
      "lpips": 0.21733234822750092,
      "ssim": 0.04935483634471893,
      "psnr": 9.5831880569458,
      "ms_ssim": -1.0,
      "vendi_score": 10.596747398376465,
      "intra_lpips": 0.15807638512551783,
      "throughput": 3.6695606153254543,
      "duration": 272.5121901035309,
      "nfe": 750,
      "flops": 1183465472.0,
      "memory_gb": 0.1176309585571289,
      "num_samples": 1000,
      "error": null
    },
    "StepDrop_Quadratic_0.5": {
      "name": "StepDrop_Quadratic_0.5",
      "fid": 228.6230692982054,
      "kid": 0.23740309476852417,
      "is_mean": 2.0006425380706787,
      "is_std": 0.1319209784269333,
      "precision": 0.0,
      "recall": 0.0,
      "density": 0.598800003528595,