{
  "timestamp": "2025-12-08T00:02:15.634387",
  "config": {
    "num_timesteps": 1000,
    "image_shape": [
      3,
      32,
      32
    ],
    "full_metrics": true
  },
  "strategies": {
    "DDPM_1000": {
      "name": "DDPM_1000",
      "fid": 72.24962606542294,
      "kid": 0.013513877056539059,
      "is_mean": 4.246872901916504,
      "is_std": 0.333721786737442,
      "precision": 0.0,
      "recall": 0.0010000000474974513,
      "density": 1.023800015449524,
      "coverage": 0.7649999856948853,
      "lpips": 0.21208597719669342,
      "ssim": 0.08144771307706833,
      "psnr": 9.08544635772705,
      "ms_ssim": -1.0,
      "vendi_score": 13.228948593139648,
      "intra_lpips": 0.20348174761235713,
      "throughput": 7.909373760395938,
      "duration": 126.4322600364685,
      "nfe": 1000,
      "flops": 1183465472.0,
      "memory_gb": 0.11749982833862305,
      "num_samples": 1000,
      "error": null
    },
    "DDIM_100": {
      "name": "DDIM_100",
      "fid": 76.230706637389,
      "kid": 0.01378067210316658,
      "is_mean": 4.291600704193115,
      "is_std": 0.1962893307209015,
      "precision": 0.0,
      "recall": 0.004999999888241291,
      "density": 0.9132000207901001,
      "coverage": 0.7279999852180481,
      "lpips": 0.222250297665596,
      "ssim": 0.07760917395353317,
      "psnr": 8.967565536499023,
      "ms_ssim": -1.0,
      "vendi_score": 13.235405921936035,
      "intra_lpips": 0.22060063567012547,
      "throughput": 29.73097972433894,
      "duration": 33.63494944572449,
      "nfe": 100,
      "flops": 1183465472.0,
      "memory_gb": 0.1174020767211914,
      "num_samples": 1000,
      "error": null
    },
    "DDIM_50": {
      "name": "DDIM_50",
      "fid": 77.19583480584305,
      "kid": 0.013909367844462395,
      "is_mean": 4.330024242401123,
      "is_std": 0.3060438632965088,
      "precision": 0.0010000000474974513,
      "recall": 0.032999999821186066,
      "density": 0.8655999898910522,
      "coverage": 0.7459999918937683,
      "lpips": 0.22286437451839447,
      "ssim": 0.08718672394752502,
      "psnr": 9.454158782958984,
      "ms_ssim": -1.0,
      "vendi_score": 13.129063606262207,
      "intra_lpips": 0.2203129527568817,
      "throughput": 57.90051281448129,
      "duration": 17.27100419998169,
      "nfe": 50,
      "flops": 1183465472.0,
      "memory_gb": 0.11792850494384766,
      "num_samples": 1000,
      "error": null
    },
    "DDIM_25": {
      "name": "DDIM_25",
      "fid": 79.46450348724193,
      "kid": 0.01882646232843399,
      "is_mean": 4.288930892944336,
      "is_std": 0.16272388398647308,
      "precision": 0.0010000000474974513,
      "recall": 0.0020000000949949026,
      "density": 0.8736000061035156,
      "coverage": 0.6980000138282776,
      "lpips": 0.22120362520217896,
      "ssim": 0.08947122097015381,
      "psnr": 10.027976036071777,
      "ms_ssim": -1.0,
      "vendi_score": 12.515388488769531,
      "intra_lpips": 0.21463533280044794,
      "throughput": 73.46898080335468,
      "duration": 13.611186504364014,
      "nfe": 25,
      "flops": 1183465472.0,
      "memory_gb": 0.1177363395690918,
      "num_samples": 1000,
      "error": null
    },
    "DDIM_10": {
      "name": "DDIM_10",
      "fid": 80.72544791530015,
      "kid": 0.022657131776213646,
      "is_mean": 4.270451545715332,
      "is_std": 0.23757031559944153,
      "precision": 0.0,
      "recall": 0.004000000189989805,
      "density": 0.7301999926567078,
      "coverage": 0.597000002861023,
      "lpips": 0.21595247089862823,
      "ssim": 0.09525628387928009,
      "psnr": 10.701395034790039,
      "ms_ssim": -1.0,
      "vendi_score": 12.010181427001953,
      "intra_lpips": 0.1937635785229504,
      "throughput": 287.95761878643793,
      "duration": 3.47273325920105,
      "nfe": 10,
      "flops": 1183465472.0,
      "memory_gb": 0.1179971694946289,
      "num_samples": 1000,
      "error": null
    },
    "StepDrop_Linear_0.3": {
      "name": "StepDrop_Linear_0.3",
      "fid": 83.72814491631311,
      "kid": 0.022528626024723053,
      "is_mean": 3.9508118629455566,
      "is_std": 0.1869613528251648,
      "precision": 0.0010000000474974513,
      "recall": 0.014999999664723873,
      "density": 0.983199954032898,
      "coverage": 0.6629999876022339,
      "lpips": 0.19797998666763306,
      "ssim": 0.06549610942602158,
      "psnr": 9.855409622192383,
      "ms_ssim": -1.0,
      "vendi_score": 11.600319862365723,
      "intra_lpips": 0.16806956020742655,
      "throughput": 3.768173972071816,
      "duration": 265.3805284500122,
      "nfe": 700,
      "flops": 1183465472.0,
      "memory_gb": 0.11797428131103516,
      "num_samples": 1000,
      "error": null
    },
    "StepDrop_Linear_0.5": {
      "name": "StepDrop_Linear_0.5",
      "fid": 84.86926225694708,
      "kid": 0.021502522751688957,
      "is_mean": 4.080647945404053,
      "is_std": 0.2238488644361496,
      "precision": 0.0010000000474974513,
      "recall": 0.0010000000474974513,
      "density": 1.0365999937057495,
      "coverage": 0.6729999780654907,
      "lpips": 0.19897150993347168,
      "ssim": 0.07160399109125137,
      "psnr": 9.946036338806152,
      "ms_ssim": -1.0,
      "vendi_score": 11.385250091552734,
      "intra_lpips": 0.17265349306166172,
      "throughput": 4.263326466781801,
      "duration": 234.55862641334534,
      "nfe": 500,
      "flops": 1183465472.0,
      "memory_gb": 0.1177363395690918,
      "num_samples": 1000,
      "error": null
    },
    "StepDrop_CosineSq_0.3": {
      "name": "StepDrop_CosineSq_0.3",
      "fid": 82.3410544991529,
      "kid": 0.022318918257951736,
      "is_mean": 3.8624017238616943,
      "is_std": 0.29113489389419556,
      "precision": 0.0,
      "recall": 0.004999999888241291,
      "density": 1.010599970817566,
      "coverage": 0.671999990940094,
      "lpips": 0.19545018672943115,
      "ssim": 0.06919623911380768,
      "psnr": 9.89515495300293,
      "ms_ssim": -1.0,
      "vendi_score": 11.503293991088867,
      "intra_lpips": 0.16996902804449202,
      "throughput": 3.3511539347564403,
      "duration": 298.4046747684479,
      "nfe": 700,
      "flops": 1183465472.0,
      "memory_gb": 0.11792850494384766,
      "num_samples": 1000,
      "error": null
    },
    "StepDrop_CosineSq_0.5": {
      "name": "StepDrop_CosineSq_0.5",
      "fid": 83.80368077985958,
      "kid": 0.023022014647722244,
      "is_mean": 3.8963985443115234,
      "is_std": 0.3558923006057739,
      "precision": 0.0,
      "recall": 0.004000000189989805,
      "density": 1.0210000276565552,
      "coverage": 0.6629999876022339,
      "lpips": 0.1971835196018219,
      "ssim": 0.06766953319311142,
      "psnr": 9.948994636535645,
      "ms_ssim": -1.0,
      "vendi_score": 11.426451683044434,
      "intra_lpips": 0.17036914519965649,
      "throughput": 3.8604643002852725,
      "duration": 259.03619933128357,
      "nfe": 500,
      "flops": 1183465472.0,
      "memory_gb": 0.11802005767822266,
      "num_samples": 1000,
      "error": null
    },
    "StepDrop_Quadratic_0.3": {
      "name": "StepDrop_Quadratic_0.3",
      "fid": 81.13438277331426,
      "kid": 0.022561566904187202,
      "is_mean": 3.9384026527404785,
      "is_std": 0.3168577253818512,
      "precision": 0.0,
      "recall": 0.003000000026077032,
      "density": 1.0003999471664429,
      "coverage": 0.6620000004768372,
      "lpips": 0.19509269297122955,
      "ssim": 0.06812378019094467,
      "psnr": 9.91353988647461,
      "ms_ssim": -1.0,
      "vendi_score": 11.625689506530762,
      "intra_lpips": 0.17580851732566952,
      "throughput": 2.9856535508098303,
      "duration": 334.9350428581238,
      "nfe": 750,
      "flops": 1183465472.0,
      "memory_gb": 0.11742496490478516,
      "num_samples": 1000,
      "error": null
    },
    "StepDrop_Quadratic_0.5": {
      "name": "StepDrop_Quadratic_0.5",
      "fid": 81.91384567996852,
      "kid": 0.022358544170856476,