{
  "timestamp": "2025-12-07T22:37:36.488882",
  "config": {
    "num_timesteps": 1000,
    "image_shape": [
      3,
      32,
      32
    ],
    "full_metrics": false
  },
  "strategies": {
    "DDPM_1000": {
      "name": "DDPM_1000",
      "fid": 492.0482967917162,
      "kid": -1.0,
      "is_mean": 1.0,
      "is_std": 2.8097899118506575e-08,
      "precision": -1.0,
      "recall": -1.0,
      "density": -1.0,
      "coverage": -1.0,
      "lpips": -1.0,
      "ssim": -1.0,
      "psnr": -1.0,
      "ms_ssim": -1.0,
      "vendi_score": -1.0,
      "intra_lpips": -1.0,
      "throughput": 2.2379714286080166,
      "duration": 4.468332290649414,
      "nfe": 1000,
      "flops": -1.0,
      "memory_gb": 0.11456584930419922,
      "num_samples": 10,
      "error": null
    },
    "DDIM_100": {
      "name": "DDIM_100",
      "fid": 428.560121465898,
      "kid": -1.0,
      "is_mean": 1.0,
      "is_std": 0.0,
      "precision": -1.0,
      "recall": -1.0,
      "density": -1.0,
      "coverage": -1.0,
      "lpips": -1.0,
      "ssim": -1.0,
      "psnr": -1.0,
      "ms_ssim": -1.0,
      "vendi_score": -1.0,
      "intra_lpips": -1.0,
      "throughput": 20.873456501356628,
      "duration": 0.4790773391723633,
      "nfe": 100,
      "flops": -1.0,
      "memory_gb": 0.2039031982421875,
      "num_samples": 10,
      "error": null
    },
    "DDIM_50": {
      "name": "DDIM_50",
      "fid": 448.05273595797235,
      "kid": -1.0,
      "is_mean": 1.0,
      "is_std": 5.2566356600891595e-08,
      "precision": -1.0,
      "recall": -1.0,
      "density": -1.0,
      "coverage": -1.0,
      "lpips": -1.0,
      "ssim": -1.0,
      "psnr": -1.0,
      "ms_ssim": -1.0,
      "vendi_score": -1.0,
      "intra_lpips": -1.0,
      "throughput": 41.10479001717965,
      "duration": 0.24328064918518066,
      "nfe": 50,
      "flops": -1.0,
      "memory_gb": 0.11456584930419922,
      "num_samples": 10,
      "error": null
    }
  }
}